{
   "priority": 1, 
   "args": {
      "ext_module": "noop", 
      "recorded_at": "2015-01-10"
   }, 
   "request": {
      "bodyPatterns": {
         "jsonpath": [
            "cmd.a"
         ]
      }, 
      "method": "GET", 
      "headers": {
         "X-Custom-Header": "1234", 
         "Content-Type": "application/json"
      }
   }, 
   "response": {
      "status": 200, 
      "body": "{\"version\": \"1.2.3\", \"data\": {\"status\": \"all ok\"}}", 
      "headers": {
         "X-Custom-Header": "1234", 
         "Content-Type": "application/json"
      }
   }
}